{"cameraMode":{"drawMode":0,"name":"Shaded","section":"Shading Mode"},"sceneLighting":false,"audioPlay":false,"sceneViewState":{"m_AlwaysRefresh":false,"showFog":true,"showSkybox":false,"showFlares":true,"showImageEffects":true,"showParticleSystems":true,"showVisualEffectGraphs":true,"m_FxEnabled":true},"in2DMode":false,"pivot":{"x":1.0280569791793824,"y":0.6289058923721314,"z":1.0311305522918702},"rotation":{"x":0.44884607195854189,"y":-0.0725858211517334,"z":0.03652362897992134,"w":0.8899576663970947},"size":3.0000171661376955,"orthographic":false}