{"cameraMode":{"drawMode":0,"name":"Shaded","section":"Shading Mode"},"sceneLighting":false,"audioPlay":false,"sceneViewState":{"m_AlwaysRefresh":false,"showFog":true,"showSkybox":false,"showFlares":true,"showImageEffects":true,"showParticleSystems":true,"showVisualEffectGraphs":true,"m_FxEnabled":true},"in2DMode":false,"pivot":{"x":0.006435781717300415,"y":0.27398908138275149,"z":-0.010143741965293885},"rotation":{"x":0.27957168221473696,"y":0.33020061254501345,"z":-0.10355139523744583,"w":0.8956843614578247},"size":0.29173141717910769,"orthographic":false}