{"cameraMode":{"drawMode":0,"name":"Shaded","section":"Shading Mode"},"sceneLighting":false,"audioPlay":false,"sceneViewState":{"m_AlwaysRefresh":false,"showFog":true,"showSkybox":false,"showFlares":true,"showImageEffects":true,"showParticleSystems":true,"showVisualEffectGraphs":true,"m_FxEnabled":true},"in2DMode":false,"pivot":{"x":-0.7636882662773132,"y":-0.33791619539260867,"z":0.07787549495697022},"rotation":{"x":0.21467941999435426,"y":-0.047200556844472888,"z":0.01035700086504221,"w":0.9755256772041321},"size":5.366025924682617,"orthographic":false}