{"cameraMode":{"drawMode":0,"name":"Shaded","section":"Shading Mode"},"sceneLighting":false,"audioPlay":false,"sceneViewState":{"m_AlwaysRefresh":false,"showFog":true,"showSkybox":false,"showFlares":true,"showImageEffects":true,"showParticleSystems":true,"showVisualEffectGraphs":true,"m_FxEnabled":true},"in2DMode":false,"pivot":{"x":-0.0041550397872924809,"y":1.6617393493652344,"z":-53.818016052246097},"rotation":{"x":0.2585807740688324,"y":-0.2448129802942276,"z":0.06784269213676453,"w":0.9320345520973206},"size":4.278992652893066,"orthographic":false}