{"cameraMode":{"drawMode":0,"name":"Shaded","section":"Shading Mode"},"sceneLighting":false,"audioPlay":false,"sceneViewState":{"m_AlwaysRefresh":false,"showFog":true,"showSkybox":false,"showFlares":true,"showImageEffects":true,"showParticleSystems":true,"showVisualEffectGraphs":true,"m_FxEnabled":true},"in2DMode":false,"pivot":{"x":0.011043548583984375,"y":0.5477938652038574,"z":-0.3000469207763672},"rotation":{"x":0.4026561677455902,"y":-0.18368157744407655,"z":0.08275506645441055,"w":0.8929518461227417},"size":1.903214931488037,"orthographic":false}